id_resep,nama_resep,bahan_utama,bahan_lengkap
1,Nasi Goreng,"Nasi, Telur, Bawang Putih, Bawang Merah, Kecap Manis, Garam, Minyak","2 piring Nasi, 2 butir Telur, 4 siung Bawang Putih (cincang), 3 buah Bawang Merah (iris), 1 sdm Kecap Manis, 1 sdt Garam, 2 sdm Minyak"
2,Mie Goreng,"Mie, Telur, Bawang Putih, Daun Bawang, Kecap Manis, Garam, Minyak","1 bungkus Mie (rebus tiriskan), 2 butir Telur, 4 siung Bawang Putih (cincang), 1 batang Daun Bawang (iris), 1 sdm Kecap Manis, 1 sdt Garam, 2 sdm Minyak"
3,Ayam Goreng,"Ayam, Bawang Putih, Kemiri, Kunyit, Garam, Minyak","500g Ayam (potong 8), 4 siung Bawang Putih, 3 butir Kemiri, 1 sdt Kunyit bubuk, 1 sdt Garam, Minyak secukupnya untuk menggoreng"
4,Tempe Goreng,"Tempe, Bawang Putih, Kunyit, Garam, Minyak","1 papan Tempe (iris tipis), 2 siung Bawang Putih (haluskan), 0.5 sdt Kunyit bubuk, 1 sdt Garam, Minyak secukupnya"
5,Tahu Goreng,"Tahu, Bawang Putih, Kunyit, Garam, Minyak","4 buah Tahu putih (potong dadu), 2 siung Bawang Putih (haluskan), 0.5 sdt Kunyit bubuk, 1 sdt Garam, Minyak secukupnya"
6,Telur Dadar,"Telur, Bawang Merah, Daun Bawang, Garam, Minyak","3 butir Telur, 2 buah Bawang Merah (iris tipis), 1 batang Daun Bawang (iris), 1 sdt Garam, 2 sdm Minyak"
7,Telur Balado,"Telur, Cabai Merah, Bawang Merah, Bawang Putih, Tomat, Garam, Minyak","4 butir Telur (rebus kupas), 5 buah Cabai Merah, 4 buah Bawang Merah, 3 siung Bawang Putih, 1 buah Tomat, 1 sdt Garam, 2 sdm Minyak"
8,Tumis Bayam,"Bayam, Bawang Putih, Bawang Merah, Garam, Minyak","2 ikat Bayam (petik daunnya), 3 siung Bawang Putih (iris), 3 buah Bawang Merah (iris), 1 sdt Garam, 2 sdm Minyak"
9,Tumis Tempe Kecap,"Tempe, Kecap Manis, Bawang Putih, Cabai Merah, Garam, Minyak","1 papan Tempe (potong dadu), 2 sdm Kecap Manis, 4 siung Bawang Putih (iris), 3 buah Cabai Merah (iris serong), 1 sdt Garam, 2 sdm Minyak"
10,Tumis Tahu Telur,"Tahu, Telur, Bawang Putih, Daun Bawang, Kecap Asin, Garam, Minyak","4 buah Tahu (potong dadu), 2 butir Telur (kocok lepas), 3 siung Bawang Putih (cincang), 1 batang Daun Bawang (iris), 1 sdm Kecap Asin, 1 sdt Garam, 2 sdm Minyak"
11,Sayur Sop,"Wortel, Kentang, Jagung, Bawang Putih, Bawang Merah, Daun Bawang, Kaldu Bubuk, Garam","2 buah Wortel (potong bulat), 2 buah Kentang (potong dadu), 1 buah Jagung (potong ruas), 3 siung Bawang Putih (cincang), 3 buah Bawang Merah (iris), 1 batang Daun Bawang (iris), 1 sdt Kaldu Bubuk, 1 sdt Garam"
12,Soto Ayam,"Ayam, Bawang Putih, Bawang Merah, Kunyit, Jahe, Serai, Daun Bawang, Kaldu Bubuk, Garam","500g Ayam, 4 siung Bawang Putih, 5 buah Bawang Merah, 1 sdt Kunyit bubuk, 2 cm Jahe (geprek), 1 batang Serai (geprek), 1 batang Daun Bawang (iris), 1 sdt Kaldu Bubuk, 1 sdt Garam"
13,Opor Ayam,"Ayam, Santan, Bawang Putih, Bawang Merah, Kemiri, Serai, Lengkuas, Daun Salam, Kunyit, Garam","1 ekor Ayam (potong 8), 500ml Santan, 4 siung Bawang Putih, 6 buah Bawang Merah, 4 butir Kemiri, 1 batang Serai (geprek), 2 cm Lengkuas (geprek), 2 lembar Daun Salam, 1 sdt Kunyit bubuk, 1 sdt Garam"
14,Rendang Daging,"Daging Sapi, Santan, Bawang Merah, Bawang Putih, Cabai Merah, Serai, Lengkuas, Jahe, Kunyit, Garam","1kg Daging Sapi (potong kotak), 1 liter Santan, 8 buah Bawang Merah, 5 siung Bawang Putih, 10 buah Cabai Merah, 2 batang Serai (geprek), 3 cm Lengkuas (geprek), 3 cm Jahe, 1 sdt Kunyit bubuk, 1.5 sdt Garam"
15,Semur Daging,"Daging Sapi, Bawang Bombay, Bawang Putih, Kecap Manis, Tomat, Gula, Garam, Minyak","500g Daging Sapi (potong kotak), 1 buah Bawang Bombay (iris), 4 siung Bawang Putih (cincang), 3 sdm Kecap Manis, 1 buah Tomat (potong), 1 sdt Gula, 1 sdt Garam, 2 sdm Minyak"
16,Udang Balado,"Udang, Cabai Merah, Bawang Merah, Bawang Putih, Tomat, Garam, Minyak","300g Udang (kupas bersihkan), 6 buah Cabai Merah, 4 buah Bawang Merah, 3 siung Bawang Putih, 1 buah Tomat, 1 sdt Garam, 2 sdm Minyak"
17,Capcay,"Brokoli, Wortel, Kembang Kol, Jamur, Bawang Bombay, Bawang Putih, Saus Tiram, Kecap Asin, Kaldu Bubuk, Minyak","100g Brokoli (potong kuntum), 1 buah Wortel (iris serong), 100g Kembang Kol (potong kuntum), 100g Jamur (iris), 1 buah Bawang Bombay (iris), 4 siung Bawang Putih (cincang), 2 sdm Saus Tiram, 1 sdm Kecap Asin, 1 sdt Kaldu Bubuk, 2 sdm Minyak"
18,Perkedel Kentang,"Kentang, Telur, Daun Bawang, Bawang Putih, Garam, Minyak","4 buah Kentang (kukus haluskan), 1 butir Telur, 1 batang Daun Bawang (iris halus), 2 siung Bawang Putih (haluskan), 1 sdt Garam, Minyak secukupnya"
19,Orek Tempe,"Tempe, Bawang Merah, Bawang Putih, Cabai Merah, Kecap Manis, Gula, Garam, Minyak","1 papan Tempe (potong korek api), 4 buah Bawang Merah (iris), 3 siung Bawang Putih (iris), 3 buah Cabai Merah (iris serong), 2 sdm Kecap Manis, 1 sdt Gula, 1 sdt Garam, 3 sdm Minyak"
20,Terong Balado,"Terong, Cabai Merah, Bawang Merah, Bawang Putih, Tomat, Garam, Minyak","2 buah Terong (potong bulat), 5 buah Cabai Merah, 4 buah Bawang Merah, 3 siung Bawang Putih, 1 buah Tomat, 1 sdt Garam, 3 sdm Minyak"
21,Ayam Kecap,"Ayam, Kecap Manis, Bawang Putih, Bawang Merah, Jahe, Gula, Garam, Minyak","500g Ayam (potong 8), 3 sdm Kecap Manis, 4 siung Bawang Putih (cincang), 4 buah Bawang Merah (iris), 2 cm Jahe (geprek), 1 sdt Gula, 1 sdt Garam, 2 sdm Minyak"
22,Ayam Geprek,"Ayam, Cabai Merah, Bawang Putih, Garam, Minyak","2 potong Ayam (goreng), 8 buah Cabai Merah, 4 siung Bawang Putih, 1 sdt Garam, Minyak secukupnya"
23,Ayam Bakar,"Ayam, Kecap Manis, Bawang Putih, Bawang Merah, Kemiri, Kunyit, Lengkuas, Garam, Minyak","1 ekor Ayam (potong 8), 3 sdm Kecap Manis, 4 siung Bawang Putih, 5 buah Bawang Merah, 3 butir Kemiri, 1 sdt Kunyit bubuk, 2 cm Lengkuas (geprek), 1 sdt Garam, 2 sdm Minyak"
24,Gulai Ayam,"Ayam, Santan, Bawang Merah, Bawang Putih, Kemiri, Kunyit, Serai, Lengkuas, Jahe, Garam","1 ekor Ayam (potong 8), 500ml Santan, 6 buah Bawang Merah, 4 siung Bawang Putih, 4 butir Kemiri, 1 sdt Kunyit bubuk, 1 batang Serai (geprek), 2 cm Lengkuas (geprek), 2 cm Jahe, 1 sdt Garam"
25,Soto Daging,"Daging Sapi, Bawang Putih, Bawang Merah, Kunyit, Jahe, Serai, Daun Bawang, Kaldu Bubuk, Garam","400g Daging Sapi, 4 siung Bawang Putih, 5 buah Bawang Merah, 1 sdt Kunyit bubuk, 2 cm Jahe (geprek), 1 batang Serai (geprek), 1 batang Daun Bawang (iris), 1 sdt Kaldu Bubuk, 1 sdt Garam"
26,Lodeh Labu Siam,"Labu Siam, Santan, Bawang Merah, Bawang Putih, Lengkuas, Daun Salam, Cabai Hijau, Garam","2 buah Labu Siam (kupas potong kotak), 400ml Santan, 4 buah Bawang Merah (iris), 3 siung Bawang Putih (iris), 2 cm Lengkuas (geprek), 2 lembar Daun Salam, 3 buah Cabai Hijau (iris serong), 1 sdt Garam"
27,Lodeh Tempe Tahu,"Tempe, Tahu, Santan, Bawang Merah, Bawang Putih, Lengkuas, Daun Salam, Garam","1 papan Tempe (potong kotak), 4 buah Tahu (potong kotak), 400ml Santan, 4 buah Bawang Merah (iris), 3 siung Bawang Putih (iris), 2 cm Lengkuas (geprek), 2 lembar Daun Salam, 1 sdt Garam"
28,Sayur Bening Bayam,"Bayam, Jagung, Bawang Merah, Garam","2 ikat Bayam (petik), 1 buah Jagung (potong ruas), 3 buah Bawang Merah (iris tipis), 1 sdt Garam"
29,Tumis Sawi Putih,"Sawi, Bawang Putih, Bawang Merah, Cabai Merah, Saus Tiram, Garam, Minyak","1 ikat Sawi (potong-potong), 3 siung Bawang Putih (iris), 3 buah Bawang Merah (iris), 2 buah Cabai Merah (iris serong), 1 sdm Saus Tiram, 1 sdt Garam, 2 sdm Minyak"
30,Tumis Brokoli Saus Tiram,"Brokoli, Bawang Putih, Bawang Bombay, Saus Tiram, Kecap Asin, Minyak","1 buah Brokoli (potong kuntum), 4 siung Bawang Putih (cincang), 1 buah Bawang Bombay (iris), 2 sdm Saus Tiram, 1 sdm Kecap Asin, 2 sdm Minyak"
31,Tumis Wortel Telur,"Wortel, Telur, Bawang Putih, Daun Bawang, Garam, Minyak","2 buah Wortel (iris korek api), 2 butir Telur (kocok lepas), 3 siung Bawang Putih (cincang), 1 batang Daun Bawang (iris), 1 sdt Garam, 2 sdm Minyak"
32,Tumis Kembang Tahu Jamur,"Jamur, Tahu, Bawang Putih, Saus Tiram, Kecap Asin, Daun Bawang, Minyak","200g Jamur (iris), 4 buah Tahu (potong dadu), 4 siung Bawang Putih (cincang), 2 sdm Saus Tiram, 1 sdm Kecap Asin, 1 batang Daun Bawang (iris), 2 sdm Minyak"
33,Ati Ampela Balado,"Ati Ampela, Cabai Merah, Bawang Merah, Bawang Putih, Tomat, Garam, Minyak","300g Ati Ampela (rebus potong), 6 buah Cabai Merah, 4 buah Bawang Merah, 3 siung Bawang Putih, 1 buah Tomat, 1 sdt Garam, 2 sdm Minyak"
34,Ati Ampela Kecap,"Ati Ampela, Kecap Manis, Bawang Putih, Jahe, Gula, Garam, Minyak","300g Ati Ampela (rebus potong), 3 sdm Kecap Manis, 4 siung Bawang Putih (cincang), 2 cm Jahe (geprek), 1 sdt Gula, 1 sdt Garam, 2 sdm Minyak"
35,Usus Goreng Crispy,"Usus, Bawang Putih, Jahe, Kunyit, Garam, Minyak","300g Usus ayam (bersihkan), 3 siung Bawang Putih (haluskan), 2 cm Jahe (haluskan), 1 sdt Kunyit bubuk, 1 sdt Garam, Minyak secukupnya"
36,Kikil Pedas,"Kikil, Cabai Merah, Bawang Merah, Bawang Putih, Lengkuas, Serai, Garam, Minyak","400g Kikil (rebus empuk potong), 5 buah Cabai Merah, 5 buah Bawang Merah, 3 siung Bawang Putih, 2 cm Lengkuas (geprek), 1 batang Serai (geprek), 1 sdt Garam, 2 sdm Minyak"
37,Nasi Goreng Ayam,"Nasi, Ayam, Telur, Bawang Putih, Bawang Merah, Kecap Manis, Garam, Minyak","2 piring Nasi, 150g Ayam (potong dadu), 2 butir Telur, 4 siung Bawang Putih (cincang), 3 buah Bawang Merah (iris), 1 sdm Kecap Manis, 1 sdt Garam, 2 sdm Minyak"
38,Nasi Goreng Seafood,"Nasi, Udang, Cumi Cumi, Telur, Bawang Putih, Bawang Merah, Kecap Manis, Garam, Minyak","2 piring Nasi, 150g Udang (kupas), 100g Cumi Cumi (cincin), 2 butir Telur, 4 siung Bawang Putih (cincang), 3 buah Bawang Merah (iris), 1 sdm Kecap Manis, 1 sdt Garam, 2 sdm Minyak"
39,Nasi Goreng Tempe,"Nasi, Tempe, Telur, Bawang Putih, Bawang Merah, Kecap Manis, Garam, Minyak","2 piring Nasi, 150g Tempe (potong dadu kecil), 2 butir Telur, 4 siung Bawang Putih (cincang), 3 buah Bawang Merah (iris), 1 sdm Kecap Manis, 1 sdt Garam, 2 sdm Minyak"
40,Mie Goreng Ayam,"Mie, Ayam, Telur, Bawang Putih, Daun Bawang, Kecap Manis, Saus Tiram, Garam, Minyak","1 bungkus Mie (rebus tiriskan), 150g Ayam (potong dadu), 2 butir Telur, 4 siung Bawang Putih (cincang), 1 batang Daun Bawang (iris), 1 sdm Kecap Manis, 1 sdm Saus Tiram, 1 sdt Garam, 2 sdm Minyak"
41,Mie Goreng Udang,"Mie, Udang, Telur, Bawang Putih, Daun Bawang, Kecap Manis, Garam, Minyak","1 bungkus Mie (rebus tiriskan), 200g Udang (kupas), 2 butir Telur, 4 siung Bawang Putih (cincang), 1 batang Daun Bawang (iris), 1 sdm Kecap Manis, 1 sdt Garam, 2 sdm Minyak"
42,Mie Rebus,"Mie, Telur, Bawang Putih, Tomat, Daun Bawang, Kaldu Bubuk, Garam","1 bungkus Mie, 2 butir Telur, 4 siung Bawang Putih (geprek), 1 buah Tomat (potong), 1 batang Daun Bawang (iris), 1 sdt Kaldu Bubuk, 1 sdt Garam"
43,Perkedel Tempe,"Tempe, Telur, Bawang Putih, Daun Bawang, Garam, Minyak","1 papan Tempe (kukus haluskan), 1 butir Telur, 3 siung Bawang Putih (haluskan), 1 batang Daun Bawang (iris halus), 1 sdt Garam, Minyak secukupnya"
44,Tempe Bacem,"Tempe, Kecap Manis, Bawang Merah, Bawang Putih, Lengkuas, Daun Salam, Gula, Garam","1 papan Tempe (potong kotak), 2 sdm Kecap Manis, 4 buah Bawang Merah (iris), 3 siung Bawang Putih (iris), 2 cm Lengkuas (geprek), 2 lembar Daun Salam, 1 sdt Gula, 1 sdt Garam"
45,Tahu Bacem,"Tahu, Bawang Merah, Kecap Manis, Bawang Putih, Lengkuas, Daun Salam, Gula, Garam","6 buah Tahu (potong kotak), 2 sdm Kecap Manis, 4 buah Bawang Merah (iris), 3 siung Bawang Putih (iris), 2 cm Lengkuas (geprek), 2 lembar Daun Salam, 1 sdt Gula, 1 sdt Garam"
46,Tahu Tempe Balado,"Tahu, Tempe, Cabai Merah, Bawang Merah, Bawang Putih, Tomat, Garam, Minyak","4 buah Tahu (potong kotak), 1 papan Tempe (potong kotak), 6 buah Cabai Merah, 4 buah Bawang Merah, 3 siung Bawang Putih, 1 buah Tomat, 1 sdt Garam, 3 sdm Minyak"
47,Sambal Goreng Tahu,"Tahu, Cabai Merah, Bawang Merah, Bawang Putih, Tomat, Kecap Manis, Garam, Minyak","6 buah Tahu (potong dadu), 5 buah Cabai Merah, 4 buah Bawang Merah, 3 siung Bawang Putih, 1 buah Tomat, 1 sdm Kecap Manis, 1 sdt Garam, 2 sdm Minyak"
48,Sambal Goreng Tempe,"Tempe, Cabai Merah, Bawang Merah, Bawang Putih, Lengkuas, Daun Salam, Gula, Garam, Minyak","1 papan Tempe (potong dadu), 5 buah Cabai Merah, 4 buah Bawang Merah, 3 siung Bawang Putih, 2 cm Lengkuas (geprek), 2 lembar Daun Salam, 1 sdt Gula, 1 sdt Garam, 2 sdm Minyak"
49,Sambal Goreng Kentang,"Kentang, Cabai Merah, Bawang Merah, Bawang Putih, Lengkuas, Daun Salam, Gula, Garam, Minyak","3 buah Kentang (potong dadu kecil goreng), 5 buah Cabai Merah, 4 buah Bawang Merah, 3 siung Bawang Putih, 2 cm Lengkuas (geprek), 2 lembar Daun Salam, 1 sdt Gula, 1 sdt Garam, 2 sdm Minyak"
50,Tumis Udang Brokoli,"Udang, Brokoli, Bawang Putih, Bawang Bombay, Saus Tiram, Kecap Asin, Garam, Minyak","250g Udang (kupas), 1 buah Brokoli (potong kuntum), 4 siung Bawang Putih (cincang), 1 buah Bawang Bombay (iris), 2 sdm Saus Tiram, 1 sdm Kecap Asin, 1 sdt Garam, 2 sdm Minyak"
51,Udang Saus Mentega,"Udang, Mentega, Bawang Putih, Bawang Bombay, Garam","300g Udang (kupas bersihkan), 3 sdm Mentega, 4 siung Bawang Putih (cincang), 1 buah Bawang Bombay (iris), 1 sdt Garam"
52,Salmon Goreng,"Salmon, Bawang Putih, Lemon, Garam, Minyak","2 fillet Salmon, 2 siung Bawang Putih (haluskan), 1 buah Lemon (ambil airnya), 1 sdt Garam, 2 sdm Minyak"
53,Salmon Teriyaki,"Salmon, Kecap Manis, Kecap Asin, Bawang Putih, Jahe, Gula, Mentega","2 fillet Salmon, 2 sdm Kecap Manis, 1 sdm Kecap Asin, 2 siung Bawang Putih (haluskan), 1 cm Jahe (haluskan), 1 sdt Gula, 2 sdm Mentega"
54,Tumis Jamur Bawang Putih,"Jamur, Bawang Putih, Mentega, Daun Bawang, Garam","300g Jamur (iris), 5 siung Bawang Putih (cincang), 2 sdm Mentega, 1 batang Daun Bawang (iris), 1 sdt Garam"
55,Tumis Jagung Wortel,"Jagung, Wortel, Bawang Putih, Daun Bawang, Garam, Minyak","2 buah Jagung (pipil), 2 buah Wortel (potong dadu kecil), 3 siung Bawang Putih (cincang), 1 batang Daun Bawang (iris), 1 sdt Garam, 2 sdm Minyak"
56,Acar Timun,"Timun, Wortel, Bawang Merah, Gula, Garam","2 buah Timun (potong korek api), 1 buah Wortel (potong korek api), 4 buah Bawang Merah (iris tipis), 2 sdt Gula, 1 sdt Garam"
57,Gulai Tahu Tempe,"Tahu, Tempe, Santan, Bawang Merah, Bawang Putih, Kemiri, Kunyit, Serai, Lengkuas, Garam","4 buah Tahu (potong kotak), 1 papan Tempe (potong kotak), 400ml Santan, 5 buah Bawang Merah, 4 siung Bawang Putih, 3 butir Kemiri, 1 sdt Kunyit bubuk, 1 batang Serai (geprek), 2 cm Lengkuas (geprek), 1 sdt Garam"
58,Gulai Daging,"Daging Sapi, Santan, Bawang Merah, Bawang Putih, Kemiri, Kunyit, Serai, Lengkuas, Jahe, Garam","500g Daging Sapi (potong kotak), 500ml Santan, 6 buah Bawang Merah, 4 siung Bawang Putih, 4 butir Kemiri, 1 sdt Kunyit bubuk, 1 batang Serai (geprek), 2 cm Lengkuas (geprek), 2 cm Jahe, 1 sdt Garam"
59,Gulai Cumi,"Cumi Cumi, Santan, Bawang Merah, Bawang Putih, Kemiri, Kunyit, Serai, Lengkuas, Garam","400g Cumi Cumi (bersihkan cincin), 400ml Santan, 5 buah Bawang Merah, 4 siung Bawang Putih, 3 butir Kemiri, 1 sdt Kunyit bubuk, 1 batang Serai (geprek), 2 cm Lengkuas (geprek), 1 sdt Garam"
60,Soto Betawi,"Daging Sapi, Santan, Bawang Merah, Bawang Putih, Jahe, Serai, Kunyit, Kemiri, Tomat, Garam","400g Daging Sapi, 400ml Santan, 5 buah Bawang Merah, 4 siung Bawang Putih, 2 cm Jahe (geprek), 1 batang Serai (geprek), 1 sdt Kunyit bubuk, 3 butir Kemiri, 1 buah Tomat (potong), 1 sdt Garam"
61,Soto Kudus,"Ayam, Bawang Putih, Bawang Merah, Kunyit, Jahe, Serai, Daun Salam, Kaldu Bubuk, Garam","500g Ayam, 4 siung Bawang Putih, 5 buah Bawang Merah, 1 sdt Kunyit bubuk, 2 cm Jahe (geprek), 1 batang Serai (geprek), 2 lembar Daun Salam, 1 sdt Kaldu Bubuk, 1 sdt Garam"
62,Sup Ayam,"Ayam, Wortel, Kentang, Bawang Putih, Bawang Merah, Daun Bawang, Kaldu Bubuk, Garam","500g Ayam (potong 4), 2 buah Wortel (potong bulat), 2 buah Kentang (potong kotak), 4 siung Bawang Putih (geprek), 4 buah Bawang Merah (iris), 1 batang Daun Bawang (iris), 1 sdt Kaldu Bubuk, 1 sdt Garam"
63,Sup Tahu Jamur,"Tahu, Jamur, Wortel, Daun Bawang, Bawang Putih, Kaldu Bubuk, Garam","4 buah Tahu (potong kotak), 200g Jamur (iris), 1 buah Wortel (potong bulat), 1 batang Daun Bawang (iris), 4 siung Bawang Putih (geprek), 1 sdt Kaldu Bubuk, 1 sdt Garam"
64,Tumis Labu Siam,"Labu Siam, Bawang Putih, Bawang Merah, Cabai Hijau, Garam, Minyak","2 buah Labu Siam (kupas potong korek api), 3 siung Bawang Putih (iris), 3 buah Bawang Merah (iris), 3 buah Cabai Hijau (iris serong), 1 sdt Garam, 2 sdm Minyak"
65,Pepes Tahu,"Tahu, Bawang Merah, Bawang Putih, Cabai Merah, Daun Bawang, Kemiri, Kunyit, Garam","4 buah Tahu (hancurkan kasar), 4 buah Bawang Merah, 3 siung Bawang Putih, 3 buah Cabai Merah, 1 batang Daun Bawang (iris), 2 butir Kemiri, 1 sdt Kunyit bubuk, 1 sdt Garam"
66,Pepes Ayam,"Ayam, Bawang Merah, Bawang Putih, Cabai Merah, Kemiri, Kunyit, Serai, Daun Salam, Garam","500g Ayam (potong kecil), 5 buah Bawang Merah, 4 siung Bawang Putih, 4 buah Cabai Merah, 3 butir Kemiri, 1 sdt Kunyit bubuk, 1 batang Serai (iris halus), 2 lembar Daun Salam, 1 sdt Garam"
67,Pepes Jamur,"Jamur, Bawang Merah, Bawang Putih, Cabai Merah, Kemiri, Kunyit, Daun Bawang, Garam","300g Jamur (suwir), 4 buah Bawang Merah, 3 siung Bawang Putih, 3 buah Cabai Merah, 2 butir Kemiri, 1 sdt Kunyit bubuk, 1 batang Daun Bawang (iris), 1 sdt Garam"
68,Botok Tempe,"Tempe, Bawang Merah, Bawang Putih, Cabai Merah, Kemiri, Daun Salam, Garam","1 papan Tempe (hancurkan kasar), 4 buah Bawang Merah, 3 siung Bawang Putih, 3 buah Cabai Merah, 2 butir Kemiri, 2 lembar Daun Salam, 1 sdt Garam"
69,Telur Dadar Gulung,"Telur, Daun Bawang, Bawang Putih, Garam, Minyak","3 butir Telur, 1 batang Daun Bawang (iris halus), 2 siung Bawang Putih (haluskan), 1 sdt Garam, 2 sdm Minyak"
70,Telur Mata Sapi,"Telur, Garam, Minyak","2 butir Telur, 0.5 sdt Garam, 1 sdm Minyak"
71,Telur Kecap,"Telur, Kecap Manis, Bawang Putih, Gula, Garam, Minyak","4 butir Telur (rebus kupas), 3 sdm Kecap Manis, 3 siung Bawang Putih (cincang), 1 sdt Gula, 1 sdt Garam, 2 sdm Minyak"
72,Kentang Balado,"Kentang, Cabai Merah, Bawang Merah, Bawang Putih, Tomat, Garam, Minyak","3 buah Kentang (potong dadu goreng), 6 buah Cabai Merah, 4 buah Bawang Merah, 3 siung Bawang Putih, 1 buah Tomat, 1 sdt Garam, 2 sdm Minyak"
73,Kentang Mustofa,"Kentang, Bawang Putih, Cabai Merah, Daun Salam, Gula, Garam, Minyak","3 buah Kentang (iris korek api tipis), 4 siung Bawang Putih (iris tipis), 4 buah Cabai Merah (iris serong), 2 lembar Daun Salam, 1 sdt Gula, 1 sdt Garam, Minyak secukupnya"
74,Ati Ampela Kentang,"Ati Ampela, Kentang, Bawang Merah, Bawang Putih, Cabai Merah, Kecap Manis, Garam, Minyak","300g Ati Ampela (rebus potong), 2 buah Kentang (potong dadu goreng), 4 buah Bawang Merah (iris), 3 siung Bawang Putih (cincang), 3 buah Cabai Merah (iris serong), 2 sdm Kecap Manis, 1 sdt Garam, 2 sdm Minyak"
75,Ayam Suir Pedas,"Ayam, Cabai Merah, Bawang Merah, Bawang Putih, Serai, Garam, Minyak","500g Ayam (rebus suwir), 6 buah Cabai Merah, 5 buah Bawang Merah, 4 siung Bawang Putih, 1 batang Serai (geprek), 1 sdt Garam, 2 sdm Minyak"
76,Ayam Suir Kecap,"Ayam, Kecap Manis, Bawang Putih, Bawang Merah, Cabai Merah, Garam, Minyak","500g Ayam (rebus suwir), 3 sdm Kecap Manis, 4 siung Bawang Putih (cincang), 4 buah Bawang Merah (iris), 3 buah Cabai Merah (iris serong), 1 sdt Garam, 2 sdm Minyak"
77,Nasi Uduk,"Nasi, Santan, Serai, Daun Salam, Lengkuas, Garam","2 cangkir Beras (cuci tiriskan), 400ml Santan, 1 batang Serai (geprek), 2 lembar Daun Salam, 2 cm Lengkuas (geprek), 1 sdt Garam"
78,Lontong Sayur,"Nasi, Santan, Labu Siam, Bawang Merah, Bawang Putih, Lengkuas, Daun Salam, Garam","2 buah Lontong (potong-potong), 400ml Santan, 2 buah Labu Siam (potong kotak), 4 buah Bawang Merah (iris), 3 siung Bawang Putih (iris), 2 cm Lengkuas (geprek), 2 lembar Daun Salam, 1 sdt Garam"
79,Bubur Ayam,"Nasi, Ayam, Daun Bawang, Bawang Putih, Jahe, Kaldu Bubuk, Garam","1 cangkir Beras, 200g Ayam, 1 batang Daun Bawang (iris), 3 siung Bawang Putih (geprek), 2 cm Jahe (geprek), 1 sdt Kaldu Bubuk, 1 sdt Garam"
80,Mie Ayam,"Mie, Ayam, Daun Bawang, Bawang Putih, Kecap Asin, Saus Tiram, Kaldu Bubuk, Garam, Minyak","1 bungkus Mie (rebus tiriskan), 200g Ayam (potong dadu), 1 batang Daun Bawang (iris), 4 siung Bawang Putih (cincang), 1 sdm Kecap Asin, 1 sdm Saus Tiram, 1 sdt Kaldu Bubuk, 1 sdt Garam, 2 sdm Minyak"
81,Mie Kuah,"Mie, Telur, Daun Bawang, Bawang Putih, Tomat, Kaldu Bubuk, Garam","1 bungkus Mie, 2 butir Telur, 1 batang Daun Bawang (iris), 3 siung Bawang Putih (geprek), 1 buah Tomat (potong), 1 sdt Kaldu Bubuk, 1 sdt Garam"
82,Tumis Sawi Telur,"Sawi, Telur, Bawang Putih, Cabai Merah, Garam, Minyak","1 ikat Sawi (potong-potong), 2 butir Telur (kocok lepas), 3 siung Bawang Putih (iris), 2 buah Cabai Merah (iris serong), 1 sdt Garam, 2 sdm Minyak"
83,Oseng Mercon Tempe,"Tempe, Cabai Merah, Cabai Hijau, Bawang Merah, Bawang Putih, Kecap Manis, Garam, Minyak","1 papan Tempe (potong dadu), 8 buah Cabai Merah (iris), 5 buah Cabai Hijau (iris), 4 buah Bawang Merah (iris), 3 siung Bawang Putih (iris), 1 sdm Kecap Manis, 1 sdt Garam, 2 sdm Minyak"
84,Oseng Mercon Daging,"Daging Sapi, Cabai Merah, Cabai Hijau, Bawang Merah, Bawang Putih, Kecap Manis, Garam, Minyak","300g Daging Sapi (iris tipis), 8 buah Cabai Merah (iris), 5 buah Cabai Hijau (iris), 4 buah Bawang Merah (iris), 3 siung Bawang Putih (iris), 1 sdm Kecap Manis, 1 sdt Garam, 2 sdm Minyak"
85,Usus Kecap,"Usus, Kecap Manis, Bawang Putih, Jahe, Cabai Merah, Gula, Garam, Minyak","300g Usus ayam (rebus bersihkan), 3 sdm Kecap Manis, 4 siung Bawang Putih (cincang), 2 cm Jahe (geprek), 3 buah Cabai Merah (iris serong), 1 sdt Gula, 1 sdt Garam, 2 sdm Minyak"
86,Cumi Saus Tiram,"Cumi Cumi, Saus Tiram, Bawang Bombay, Bawang Putih, Cabai Hijau, Kecap Asin, Garam, Minyak","400g Cumi Cumi (cincin), 2 sdm Saus Tiram, 1 buah Bawang Bombay (iris), 4 siung Bawang Putih (cincang), 3 buah Cabai Hijau (iris serong), 1 sdm Kecap Asin, 1 sdt Garam, 2 sdm Minyak"
87,Salmon Saus Lemon Mentega,"Salmon, Mentega, Lemon, Bawang Putih, Garam","2 fillet Salmon, 3 sdm Mentega, 1 buah Lemon (ambil airnya), 3 siung Bawang Putih (cincang), 1 sdt Garam"
88,Ayam Rica Rica,"Ayam, Cabai Merah, Cabai Hijau, Bawang Merah, Bawang Putih, Jahe, Serai, Tomat, Garam, Minyak","1 ekor Ayam (potong 8), 8 buah Cabai Merah, 5 buah Cabai Hijau, 5 buah Bawang Merah, 4 siung Bawang Putih, 3 cm Jahe, 1 batang Serai (geprek), 2 buah Tomat, 1 sdt Garam, 3 sdm Minyak"
89,Martabak Telur Sederhana,"Telur, Daun Bawang, Bawang Bombay, Garam, Minyak","4 butir Telur, 2 batang Daun Bawang (iris halus), 1 buah Bawang Bombay (cincang halus), 1 sdt Garam, 3 sdm Minyak"
90,Tumis Kembang Kol,"Kembang Kol, Bawang Putih, Bawang Bombay, Saus Tiram, Kecap Asin, Garam, Minyak","1 buah Kembang Kol (potong kuntum), 4 siung Bawang Putih (cincang), 1 buah Bawang Bombay (iris), 2 sdm Saus Tiram, 1 sdm Kecap Asin, 1 sdt Garam, 2 sdm Minyak"
91,Nasi Goreng Hongkong,"Nasi, Telur, Udang, Kacang Polong, Wortel, Bawang Bombay, Bawang Putih, Kecap Asin, Saus Tiram, Minyak","2 piring Nasi, 2 butir Telur, 150g Udang (kupas), 100g Kacang Polong, 1 buah Wortel (potong dadu kecil), 1 buah Bawang Bombay (cincang), 4 siung Bawang Putih (cincang), 1 sdm Kecap Asin, 1 sdm Saus Tiram, 2 sdm Minyak"
92,Udang Asam Manis,"Udang, Tomat, Bawang Bombay, Bawang Putih, Cabai Merah, Gula, Kecap Asin, Minyak","300g Udang (kupas), 1 buah Tomat (potong), 1 buah Bawang Bombay (iris), 4 siung Bawang Putih (cincang), 2 buah Cabai Merah (iris), 2 sdt Gula, 1 sdm Kecap Asin, 2 sdm Minyak"
93,Cumi Cabai Hijau,"Cumi Cumi, Cabai Hijau, Bawang Merah, Bawang Putih, Serai, Garam, Minyak","400g Cumi Cumi (cincin), 6 buah Cabai Hijau (iris serong), 4 buah Bawang Merah (iris), 3 siung Bawang Putih (iris), 1 batang Serai (geprek), 1 sdt Garam, 2 sdm Minyak"
94,Ayam Goreng Bawang Putih,"Ayam, Bawang Putih, Garam, Minyak","500g Ayam (potong 8), 6 siung Bawang Putih (haluskan), 1 sdt Garam, Minyak secukupnya"
95,Egg Roll Ayam,"Telur, Ayam, Daun Bawang, Bawang Putih, Wortel, Garam, Minyak","4 butir Telur, 150g Ayam (cincang halus), 1 batang Daun Bawang (iris halus), 2 siung Bawang Putih (haluskan), 1 buah Wortel (parut halus), 1 sdt Garam, 2 sdm Minyak"
96,Nasi Kuning,"Nasi, Santan, Kunyit, Serai, Lengkuas, Daun Salam, Garam","2 cangkir Beras (cuci tiriskan), 400ml Santan, 1 sdt Kunyit bubuk, 1 batang Serai (geprek), 2 cm Lengkuas (geprek), 2 lembar Daun Salam, 1 sdt Garam"
97,Nasi Liwet,"Nasi, Santan, Serai, Daun Salam, Bawang Merah, Bawang Putih, Garam","2 cangkir Beras (cuci tiriskan), 400ml Santan, 1 batang Serai (geprek), 2 lembar Daun Salam, 3 buah Bawang Merah (iris), 2 siung Bawang Putih (iris), 1 sdt Garam"
98,Ayam Ungkep,"Ayam, Bawang Merah, Bawang Putih, Kemiri, Kunyit, Lengkuas, Daun Salam, Serai, Garam","1 ekor Ayam (potong 8), 5 buah Bawang Merah, 4 siung Bawang Putih, 3 butir Kemiri, 1 sdt Kunyit bubuk, 2 cm Lengkuas (geprek), 2 lembar Daun Salam, 1 batang Serai (geprek), 1 sdt Garam"
99,Tongseng Daging,"Daging Sapi, Bawang Merah, Bawang Putih, Jahe, Serai, Lengkuas, Daun Salam, Santan, Kecap Manis, Cabai Merah, Garam, Minyak","400g Daging Sapi (potong kotak), 5 buah Bawang Merah (iris), 4 siung Bawang Putih (iris), 2 cm Jahe (geprek), 1 batang Serai (geprek), 2 cm Lengkuas (geprek), 2 lembar Daun Salam, 200ml Santan, 2 sdm Kecap Manis, 3 buah Cabai Merah (iris), 1 sdt Garam, 2 sdm Minyak"
100,Daging Kecap Cabai Hijau,"Daging Sapi, Cabai Hijau, Bawang Merah, Bawang Putih, Kecap Manis, Gula, Garam, Minyak","400g Daging Sapi (iris tipis), 6 buah Cabai Hijau (iris serong), 4 buah Bawang Merah (iris), 3 siung Bawang Putih (iris), 2 sdm Kecap Manis, 1 sdt Gula, 1 sdt Garam, 2 sdm Minyak"
101,Opor Tahu Tempe,"Tahu, Tempe, Santan, Bawang Merah, Bawang Putih, Kemiri, Serai, Lengkuas, Daun Salam, Kunyit, Garam","4 buah Tahu (potong kotak), 1 papan Tempe (potong kotak), 500ml Santan, 5 buah Bawang Merah, 4 siung Bawang Putih, 3 butir Kemiri, 1 batang Serai (geprek), 2 cm Lengkuas (geprek), 2 lembar Daun Salam, 1 sdt Kunyit bubuk, 1 sdt Garam"
102,Opor Telur,"Telur, Santan, Bawang Merah, Bawang Putih, Kemiri, Serai, Lengkuas, Daun Salam, Kunyit, Garam","6 butir Telur (rebus kupas), 500ml Santan, 5 buah Bawang Merah, 4 siung Bawang Putih, 3 butir Kemiri, 1 batang Serai (geprek), 2 cm Lengkuas (geprek), 2 lembar Daun Salam, 1 sdt Kunyit bubuk, 1 sdt Garam"
103,Udang Goreng Mentega,"Udang, Mentega, Bawang Putih, Bawang Bombay, Lada Hitam, Garam","300g Udang (kupas bersihkan), 3 sdm Mentega, 4 siung Bawang Putih (cincang), 1 buah Bawang Bombay (iris), 0.5 sdt Lada Hitam, 1 sdt Garam"
104,Mie Tek Tek,"Mie, Telur, Ayam, Daun Bawang, Bawang Putih, Kecap Manis, Saus Tiram, Kaldu Bubuk, Garam, Minyak","1 bungkus Mie (rebus tiriskan), 2 butir Telur, 100g Ayam (potong dadu), 1 batang Daun Bawang (iris), 4 siung Bawang Putih (cincang), 1 sdm Kecap Manis, 1 sdm Saus Tiram, 1 sdt Kaldu Bubuk, 1 sdt Garam, 2 sdm Minyak"
105,Mie Goreng Jawa,"Mie, Telur, Tahu, Bawang Merah, Bawang Putih, Cabai Merah, Kecap Manis, Garam, Minyak","1 bungkus Mie (rebus tiriskan), 2 butir Telur, 2 buah Tahu (potong dadu goreng), 4 buah Bawang Merah (iris), 3 siung Bawang Putih (iris), 3 buah Cabai Merah (iris), 2 sdm Kecap Manis, 1 sdt Garam, 2 sdm Minyak"
106,Sambal Bawang Tomat,"Cabai Merah, Tomat, Bawang Merah, Bawang Putih, Garam, Minyak","8 buah Cabai Merah, 2 buah Tomat (potong), 4 buah Bawang Merah, 3 siung Bawang Putih, 1 sdt Garam, 2 sdm Minyak"
107,Sambal Hijau,"Cabai Hijau, Bawang Merah, Bawang Putih, Garam, Minyak","10 buah Cabai Hijau, 4 buah Bawang Merah, 3 siung Bawang Putih, 1 sdt Garam, 2 sdm Minyak"
108,Sambal Balado,"Cabai Merah, Bawang Merah, Bawang Putih, Tomat, Gula, Garam, Minyak","10 buah Cabai Merah, 5 buah Bawang Merah, 4 siung Bawang Putih, 1 buah Tomat, 1 sdt Gula, 1 sdt Garam, 2 sdm Minyak"
109,Sambal Kecap,"Cabai Merah, Bawang Merah, Kecap Manis, Tomat","5 buah Cabai Merah (iris tipis), 3 buah Bawang Merah (iris tipis), 3 sdm Kecap Manis, 1 buah Tomat (potong dadu)"
110,Sambal Dabu Dabu,"Cabai Merah, Tomat, Bawang Merah, Garam, Minyak","5 buah Cabai Merah (iris tipis), 2 buah Tomat (potong dadu), 4 buah Bawang Merah (iris tipis), 1 sdt Garam, 2 sdm Minyak panas"
111,Sambal Matah,"Cabai Merah, Bawang Merah, Serai, Daun Salam, Garam, Minyak","6 buah Cabai Merah (iris tipis), 6 buah Bawang Merah (iris tipis), 2 batang Serai (iris tipis bagian putihnya), 2 lembar Daun Salam (iris tipis), 1 sdt Garam, 2 sdm Minyak panas"
112,Sambal Kemiri,"Kemiri, Cabai Merah, Bawang Merah, Bawang Putih, Garam, Minyak","6 butir Kemiri (sangrai), 8 buah Cabai Merah, 4 buah Bawang Merah, 3 siung Bawang Putih, 1 sdt Garam, 2 sdm Minyak"
113,Semur Telur,"Telur, Kecap Manis, Bawang Bombay, Bawang Putih, Tomat, Gula, Garam, Minyak","6 butir Telur (rebus kupas), 3 sdm Kecap Manis, 1 buah Bawang Bombay (iris), 3 siung Bawang Putih (cincang), 1 buah Tomat (potong), 1 sdt Gula, 1 sdt Garam, 2 sdm Minyak"
114,Telur Pindang,"Telur, Bawang Merah, Daun Salam, Garam","6 butir Telur, 6 buah Bawang Merah (iris), 4 lembar Daun Salam, 1 sdt Garam"
115,Orak Arik Telur Tomat,"Telur, Tomat, Bawang Merah, Bawang Putih, Daun Bawang, Garam, Minyak","3 butir Telur (kocok lepas), 2 buah Tomat (potong dadu), 3 buah Bawang Merah (iris), 2 siung Bawang Putih (cincang), 1 batang Daun Bawang (iris), 1 sdt Garam, 2 sdm Minyak"
116,Cah Jamur Brokoli,"Jamur, Brokoli, Bawang Putih, Bawang Bombay, Saus Tiram, Kecap Asin, Kaldu Bubuk, Minyak","200g Jamur (iris), 1 buah Brokoli (potong kuntum), 4 siung Bawang Putih (cincang), 1 buah Bawang Bombay (iris), 2 sdm Saus Tiram, 1 sdm Kecap Asin, 1 sdt Kaldu Bubuk, 2 sdm Minyak"
117,Tumis Terong Bawang,"Terong, Bawang Merah, Bawang Putih, Cabai Merah, Kecap Manis, Garam, Minyak","2 buah Terong (potong bulat), 4 buah Bawang Merah (iris), 3 siung Bawang Putih (iris), 3 buah Cabai Merah (iris serong), 1 sdm Kecap Manis, 1 sdt Garam, 3 sdm Minyak"
118,Acar Kuning,"Timun, Wortel, Bawang Merah, Kunyit, Gula, Garam","2 buah Timun (potong korek api), 1 buah Wortel (potong korek api), 4 buah Bawang Merah (iris tipis), 0.5 sdt Kunyit bubuk, 2 sdt Gula, 1 sdt Garam"
119,Perkedel Jagung,"Jagung, Telur, Daun Bawang, Bawang Putih, Garam, Minyak","2 buah Jagung (pipil atau serut), 2 butir Telur, 1 batang Daun Bawang (iris halus), 2 siung Bawang Putih (haluskan), 1 sdt Garam, Minyak secukupnya"
120,Tumis Labu Siam Telur,"Labu Siam, Telur, Bawang Putih, Bawang Merah, Garam, Minyak","2 buah Labu Siam (kupas potong korek api), 2 butir Telur (kocok lepas), 3 siung Bawang Putih (iris), 3 buah Bawang Merah (iris), 1 sdt Garam, 2 sdm Minyak"
121,Spaghetti Aglio Olio,"Spaghetti, Bawang Putih, Minyak, Lada Hitam, Garam","200g Spaghetti, 8 siung Bawang Putih (iris tipis), 4 sdm Minyak Zaitun atau Minyak biasa, 0.5 sdt Lada Hitam, 1 sdt Garam"
122,Spaghetti Bolognese,"Spaghetti, Daging Sapi, Tomat, Bawang Bombay, Bawang Putih, Garam, Minyak","200g Spaghetti, 250g Daging Sapi cincang, 3 buah Tomat (potong dadu atau haluskan), 1 buah Bawang Bombay (cincang), 4 siung Bawang Putih (cincang), 1 sdt Garam, 2 sdm Minyak"
123,Spaghetti Saus Tomat,"Spaghetti, Tomat, Bawang Bombay, Bawang Putih, Gula, Garam, Minyak","200g Spaghetti, 4 buah Tomat (haluskan), 1 buah Bawang Bombay (cincang), 4 siung Bawang Putih (cincang), 1 sdt Gula, 1 sdt Garam, 2 sdm Minyak"
124,Nasi Bakar,"Nasi, Ayam, Daun Bawang, Bawang Putih, Kecap Manis, Garam, Minyak","2 piring Nasi, 200g Ayam (suwir pedas), 2 batang Daun Bawang (iris), 3 siung Bawang Putih (cincang), 1 sdm Kecap Manis, 1 sdt Garam, 1 sdm Minyak"
125,Bubur Ayam Kuning,"Nasi, Ayam, Kunyit, Jahe, Bawang Putih, Daun Bawang, Kaldu Bubuk, Garam","1 cangkir Beras, 200g Ayam, 1 sdt Kunyit bubuk, 2 cm Jahe (geprek), 3 siung Bawang Putih (geprek), 1 batang Daun Bawang (iris), 1 sdt Kaldu Bubuk, 1 sdt Garam"
126,Cumi Goreng Mentega,"Cumi Cumi, Mentega, Bawang Putih, Lada Hitam, Garam","400g Cumi Cumi (cincin), 3 sdm Mentega, 4 siung Bawang Putih (cincang), 0.5 sdt Lada Hitam, 1 sdt Garam"
127,Kikil Saus Kecap,"Kikil, Kecap Manis, Bawang Putih, Bawang Merah, Jahe, Gula, Garam, Minyak","400g Kikil (rebus empuk potong), 3 sdm Kecap Manis, 4 siung Bawang Putih (cincang), 4 buah Bawang Merah (iris), 2 cm Jahe (geprek), 1 sdt Gula, 1 sdt Garam, 2 sdm Minyak"
128,Usus Balado,"Usus, Cabai Merah, Bawang Merah, Bawang Putih, Tomat, Garam, Minyak","300g Usus ayam (rebus bersihkan potong), 6 buah Cabai Merah, 4 buah Bawang Merah, 3 siung Bawang Putih, 1 buah Tomat, 1 sdt Garam, 2 sdm Minyak"
129,Cumi Balado,"Cumi Cumi, Cabai Merah, Bawang Merah, Bawang Putih, Tomat, Garam, Minyak","400g Cumi Cumi (bersihkan cincin), 6 buah Cabai Merah, 4 buah Bawang Merah, 3 siung Bawang Putih, 1 buah Tomat, 1 sdt Garam, 2 sdm Minyak"
130,Nasi Goreng Sapi,"Nasi, Daging Sapi, Telur, Bawang Putih, Bawang Merah, Kecap Manis, Garam, Minyak","2 piring Nasi, 200g Daging Sapi (iris tipis), 2 butir Telur, 4 siung Bawang Putih (cincang), 3 buah Bawang Merah (iris), 1 sdm Kecap Manis, 1 sdt Garam, 2 sdm Minyak"
131,Mie Goreng Seafood,"Mie, Udang, Cumi Cumi, Telur, Bawang Putih, Daun Bawang, Kecap Manis, Saus Tiram, Garam, Minyak","1 bungkus Mie (rebus tiriskan), 150g Udang (kupas), 100g Cumi Cumi (cincin), 2 butir Telur, 4 siung Bawang Putih (cincang), 1 batang Daun Bawang (iris), 1 sdm Kecap Manis, 1 sdm Saus Tiram, 1 sdt Garam, 2 sdm Minyak"
