id_resep;nama_resep;kategori;deskripsi;langkah
1;Nasi Goreng Ayam;Nasi;Nasi goreng dengan potongan ayam, telur, dan bumbu kecap;1. Siapkan semua bahan: beras, ayam, telur, bawang merah, bawang putih, kecap manis, cabai merah, garam, minyak. | 2. Cuci dan potong bahan sesuai kebutuhan. | 3. Haluskan bumbu seperti bawang, cabai, dan rempah. | 4. Panaskan minyak hingga panas. | 5. Tumis bumbu hingga harum. | 6. Masukkan bahan utama dan aduk. | 7. Tambahkan bumbu pelengkap. | 8. Masak hingga matang. | 9. Koreksi rasa dan sajikan.
2;Nasi Goreng Seafood;Nasi;Nasi goreng dengan udang, cumi, dan sayuran;1. Siapkan semua bahan: beras, udang, cumi, telur, bawang merah, bawang putih, kecap manis, cabai merah, saus tiram, garam. | 2. Cuci dan potong bahan sesuai kebutuhan. | 3. Haluskan bumbu seperti bawang, cabai, dan rempah. | 4. Panaskan minyak hingga panas. | 5. Tumis bumbu hingga harum. | 6. Masukkan bahan utama dan aduk. | 7. Tambahkan bumbu pelengkap. | 8. Masak hingga matang. | 9. Koreksi rasa dan sajikan.
3;Nasi Goreng Kampung;Nasi;Nasi goreng sederhana ala kampung dengan cabai rawit;1. Siapkan semua bahan: beras, telur, bawang merah, bawang putih, cabai rawit, terasi, garam, minyak. | 2. Cuci dan potong bahan sesuai kebutuhan. | 3. Haluskan bumbu seperti bawang, cabai, dan rempah. | 4. Panaskan minyak hingga panas. | 5. Tumis bumbu hingga harum. | 6. Masukkan bahan utama dan aduk. | 7. Tambahkan bumbu pelengkap. | 8. Masak hingga matang. | 9. Koreksi rasa dan sajikan.
4;Nasi Goreng Pete;Nasi;Nasi goreng dengan pete dan teri medan;1. Siapkan semua bahan: beras, pete, telur, bawang merah, bawang putih, kecap manis, cabai rawit, terasi, garam. | 2. Cuci dan potong bahan sesuai kebutuhan. | 3. Haluskan bumbu seperti bawang, cabai, dan rempah. | 4. Panaskan minyak hingga panas. | 5. Tumis bumbu hingga harum. | 6. Masukkan bahan utama dan aduk. | 7. Tambahkan bumbu pelengkap. | 8. Masak hingga matang. | 9. Koreksi rasa dan sajikan.
5;Nasi Uduk;Nasi;Nasi dimasak dengan santan dan rempah harum;1. Siapkan semua bahan: beras, santan, serai, daun salam, daun jeruk, bawang merah, bawang putih, garam. | 2. Cuci dan potong bahan sesuai kebutuhan. | 3. Haluskan bumbu seperti bawang, cabai, dan rempah. | 4. Panaskan minyak atau air. | 5. Masukkan bumbu. | 6. Masukkan bahan utama. | 7. Masak hingga matang. | 8. Koreksi rasa dan sajikan.
6;Nasi Kuning;Nasi;Nasi berwarna kuning dengan kunyit dan santan;1. Siapkan semua bahan: beras, santan, kunyit, serai, daun salam, daun jeruk, bawang merah, garam. | 2. Cuci dan potong bahan sesuai kebutuhan. | 3. Haluskan bumbu seperti bawang, cabai, dan rempah. | 4. Panaskan minyak atau air. | 5. Masukkan bumbu. | 6. Masukkan bahan utama. | 7. Masak hingga matang. | 8. Koreksi rasa dan sajikan.
7;Nasi Liwet;Nasi;Nasi gurih khas Solo dimasak dengan santan dan rempah;1. Siapkan semua bahan: beras, santan, serai, daun salam, daun jeruk, bawang merah, bawang putih, garam. | 2. Cuci dan potong bahan sesuai kebutuhan. | 3. Haluskan bumbu seperti bawang, cabai, dan rempah. | 4. Panaskan minyak atau air. | 5. Masukkan bumbu. | 6. Masukkan bahan utama. | 7. Masak hingga matang. | 8. Koreksi rasa dan sajikan.
8;Nasi Bakar;Nasi;Nasi berbumbu dibungkus daun pisang lalu dibakar;1. Siapkan semua bahan: beras, ayam, santan, daun salam, bawang merah, bawang putih, cabai merah, kemangi, garam. | 2. Cuci dan potong bahan sesuai kebutuhan. | 3. Haluskan bumbu seperti bawang, cabai, dan rempah. | 4. Panaskan minyak atau air. | 5. Masukkan bumbu. | 6. Masukkan bahan utama. | 7. Masak hingga matang. | 8. Koreksi rasa dan sajikan.
9;Mie Goreng Ayam;Mie;Mie goreng dengan ayam suwir dan sayuran;1. Siapkan semua bahan: mie, ayam, telur, kol, wortel, bawang merah, bawang putih, kecap manis, saus tiram, garam. | 2. Cuci dan potong bahan sesuai kebutuhan. | 3. Haluskan bumbu seperti bawang, cabai, dan rempah. | 4. Panaskan minyak hingga panas. | 5. Tumis bumbu hingga harum. | 6. Masukkan bahan utama dan aduk. | 7. Tambahkan bumbu pelengkap. | 8. Masak hingga matang. | 9. Koreksi rasa dan sajikan.
10;Mie Goreng Seafood;Mie;Mie goreng dengan udang dan cumi;1. Siapkan semua bahan: mie, udang, cumi, telur, kol, bawang merah, bawang putih, kecap manis, saus tiram, garam. | 2. Cuci dan potong bahan sesuai kebutuhan. | 3. Haluskan bumbu seperti bawang, cabai, dan rempah. | 4. Panaskan minyak hingga panas. | 5. Tumis bumbu hingga harum. | 6. Masukkan bahan utama dan aduk. | 7. Tambahkan bumbu pelengkap. | 8. Masak hingga matang. | 9. Koreksi rasa dan sajikan.
11;Mie Rebus;Mie;Mie kuah dengan kaldu ayam dan sayuran;1. Siapkan semua bahan: mie, ayam, telur, kol, daun bawang, bawang merah, bawang putih, kaldu, garam. | 2. Cuci dan potong bahan sesuai kebutuhan. | 3. Haluskan bumbu seperti bawang, cabai, dan rempah. | 4. Panaskan minyak atau air. | 5. Masukkan bumbu. | 6. Masukkan bahan utama. | 7. Masak hingga matang. | 8. Koreksi rasa dan sajikan.
12;Mie Ayam;Mie;Mie dengan topping ayam berbumbu dan bakso;1. Siapkan semua bahan: mie, ayam, bakso, tahu, kol, daun bawang, bawang putih, kecap manis, saus tiram, garam. | 2. Cuci dan potong bahan sesuai kebutuhan. | 3. Haluskan bumbu seperti bawang, cabai, dan rempah. | 4. Panaskan minyak atau air. | 5. Masukkan bumbu. | 6. Masukkan bahan utama. | 7. Masak hingga matang. | 8. Koreksi rasa dan sajikan.
13;Bihun Goreng;Mie;Bihun goreng dengan sayuran dan telur;1. Siapkan semua bahan: bihun, telur, kol, wortel, daun bawang, bawang merah, bawang putih, kecap manis, garam. | 2. Cuci dan potong bahan sesuai kebutuhan. | 3. Haluskan bumbu seperti bawang, cabai, dan rempah. | 4. Panaskan minyak hingga panas. | 5. Tumis bumbu hingga harum. | 6. Masukkan bahan utama dan aduk. | 7. Tambahkan bumbu pelengkap. | 8. Masak hingga matang. | 9. Koreksi rasa dan sajikan.
14;Soto Ayam;Sup;Sup kuning ayam dengan bihun dan pelengkap;1. Siapkan semua bahan: ayam, bihun, bawang merah, bawang putih, kunyit, jahe, serai, daun salam, daun jeruk, garam. | 2. Cuci dan potong bahan sesuai kebutuhan. | 3. Haluskan bumbu seperti bawang, cabai, dan rempah. | 4. Didihkan air. | 5. Masukkan bahan utama. | 6. Tambahkan bumbu. | 7. Masak hingga empuk. | 8. Koreksi rasa dan sajikan.
15;Soto Betawi;Sup;Soto kuah santan dengan daging sapi dan jeroan;1. Siapkan semua bahan: daging sapi, santan, bawang merah, bawang putih, jahe, lengkuas, serai, tomat, daun salam, garam. | 2. Cuci dan potong bahan sesuai kebutuhan. | 3. Haluskan bumbu seperti bawang, cabai, dan rempah. | 4. Didihkan air. | 5. Masukkan bahan utama. | 6. Tambahkan bumbu. | 7. Masak hingga empuk. | 8. Koreksi rasa dan sajikan.
16;Soto Lamongan;Sup;Soto kuning khas Lamongan dengan koya;1. Siapkan semua bahan: ayam, bihun, bawang merah, bawang putih, kunyit, jahe, serai, daun salam, koya, garam. | 2. Cuci dan potong bahan sesuai kebutuhan. | 3. Haluskan bumbu seperti bawang, cabai, dan rempah. | 4. Didihkan air. | 5. Masukkan bahan utama. | 6. Tambahkan bumbu. | 7. Masak hingga empuk. | 8. Koreksi rasa dan sajikan.
17;Rawon;Sup;Sup daging sapi hitam dengan kluwek khas Jawa Timur;1. Siapkan semua bahan: daging sapi, kluwek, bawang merah, bawang putih, lengkuas, jahe, kunyit, serai, daun salam, garam. | 2. Cuci dan potong bahan sesuai kebutuhan. | 3. Haluskan bumbu seperti bawang, cabai, dan rempah. | 4. Panaskan minyak atau air. | 5. Masukkan bumbu. | 6. Masukkan bahan utama. | 7. Masak hingga matang. | 8. Koreksi rasa dan sajikan.
18;Bakso;Sup;Bola daging sapi dalam kuah kaldu dengan mie dan tahu;1. Siapkan semua bahan: daging sapi, mie, tahu, bawang putih, merica, garam, kaldu. | 2. Cuci dan potong bahan sesuai kebutuhan. | 3. Haluskan bumbu seperti bawang, cabai, dan rempah. | 4. Panaskan minyak atau air. | 5. Masukkan bumbu. | 6. Masukkan bahan utama. | 7. Masak hingga matang. | 8. Koreksi rasa dan sajikan.
19;Pempek;Gorengan;Olahan ikan tenggiri khas Palembang;1. Siapkan semua bahan: ikan tenggiri, tepung, telur, bawang putih, garam, saus cuka, gula merah, cabai rawit. | 2. Cuci dan potong bahan sesuai kebutuhan. | 3. Haluskan bumbu seperti bawang, cabai, dan rempah. | 4. Panaskan minyak atau air. | 5. Masukkan bumbu. | 6. Masukkan bahan utama. | 7. Masak hingga matang. | 8. Koreksi rasa dan sajikan.
20;Ayam Goreng Kremes;Ayam;Ayam goreng renyah dengan kremes gurih;1. Siapkan semua bahan: ayam, bawang putih, kunyit, jahe, ketumbar, garam, minyak. | 2. Cuci dan potong bahan sesuai kebutuhan. | 3. Haluskan bumbu seperti bawang, cabai, dan rempah. | 4. Panaskan minyak hingga panas. | 5. Tumis bumbu hingga harum. | 6. Masukkan bahan utama dan aduk. | 7. Tambahkan bumbu pelengkap. | 8. Masak hingga matang. | 9. Koreksi rasa dan sajikan.
21;Ayam Bakar Kecap;Ayam;Ayam bakar dengan bumbu kecap manis;1. Siapkan semua bahan: ayam, kecap manis, bawang merah, bawang putih, jahe, ketumbar, garam. | 2. Cuci dan potong bahan sesuai kebutuhan. | 3. Haluskan bumbu seperti bawang, cabai, dan rempah. | 4. Panaskan minyak atau air. | 5. Masukkan bumbu. | 6. Masukkan bahan utama. | 7. Masak hingga matang. | 8. Koreksi rasa dan sajikan.
22;Ayam Geprek;Ayam;Ayam goreng tepung yang digeprek dengan sambal;1. Siapkan semua bahan: ayam, tepung, telur, cabai rawit, bawang putih, garam, minyak. | 2. Cuci dan potong bahan sesuai kebutuhan. | 3. Haluskan bumbu seperti bawang, cabai, dan rempah. | 4. Panaskan minyak atau air. | 5. Masukkan bumbu. | 6. Masukkan bahan utama. | 7. Masak hingga matang. | 8. Koreksi rasa dan sajikan.
23;Ayam Rica Rica;Ayam;Ayam masak pedas ala Manado;1. Siapkan semua bahan: ayam, cabai merah, cabai rawit, bawang merah, bawang putih, jahe, serai, daun jeruk, garam. | 2. Cuci dan potong bahan sesuai kebutuhan. | 3. Haluskan bumbu seperti bawang, cabai, dan rempah. | 4. Panaskan minyak atau air. | 5. Masukkan bumbu. | 6. Masukkan bahan utama. | 7. Masak hingga matang. | 8. Koreksi rasa dan sajikan.
24;Opor Ayam;Ayam;Ayam dalam kuah santan putih dengan rempah;1. Siapkan semua bahan: ayam, santan, bawang merah, bawang putih, jahe, lengkuas, serai, kemiri, ketumbar, kunyit, garam. | 2. Cuci dan potong bahan sesuai kebutuhan. | 3. Haluskan bumbu seperti bawang, cabai, dan rempah. | 4. Panaskan minyak atau air. | 5. Masukkan bumbu. | 6. Masukkan bahan utama. | 7. Masak hingga matang. | 8. Koreksi rasa dan sajikan.
25;Rendang Sapi;Daging;Daging sapi masak kering dengan rempah dan santan;1. Siapkan semua bahan: daging sapi, santan, bawang merah, bawang putih, cabai merah, jahe, lengkuas, serai, kunyit, kemiri, garam. | 2. Cuci dan potong bahan sesuai kebutuhan. | 3. Haluskan bumbu seperti bawang, cabai, dan rempah. | 4. Panaskan minyak atau air. | 5. Masukkan bumbu. | 6. Masukkan bahan utama. | 7. Masak hingga matang. | 8. Koreksi rasa dan sajikan.
26;Semur Daging;Daging;Daging sapi masak kecap khas Betawi;1. Siapkan semua bahan: daging sapi, kecap manis, bawang merah, bawang putih, jahe, pala, cengkeh, tomat, garam. | 2. Cuci dan potong bahan sesuai kebutuhan. | 3. Haluskan bumbu seperti bawang, cabai, dan rempah. | 4. Panaskan minyak atau air. | 5. Masukkan bumbu. | 6. Masukkan bahan utama. | 7. Masak hingga matang. | 8. Koreksi rasa dan sajikan.
27;Gulai Sapi;Daging;Daging sapi dalam kuah gulai kuning berbumbu;1. Siapkan semua bahan: daging sapi, santan, bawang merah, bawang putih, cabai merah, kunyit, jahe, lengkuas, ketumbar, garam. | 2. Cuci dan potong bahan sesuai kebutuhan. | 3. Haluskan bumbu seperti bawang, cabai, dan rempah. | 4. Panaskan minyak atau air. | 5. Masukkan bumbu. | 6. Masukkan bahan utama. | 7. Masak hingga matang. | 8. Koreksi rasa dan sajikan.
28;Tongseng Kambing;Daging;Kambing masak kecap dengan kol dan tomat;1. Siapkan semua bahan: daging kambing, kol, tomat, kecap manis, bawang merah, bawang putih, jahe, serai, gula merah, garam. | 2. Cuci dan potong bahan sesuai kebutuhan. | 3. Haluskan bumbu seperti bawang, cabai, dan rempah. | 4. Panaskan minyak atau air. | 5. Masukkan bumbu. | 6. Masukkan bahan utama. | 7. Masak hingga matang. | 8. Koreksi rasa dan sajikan.
29;Sate Ayam;Sate;Sate ayam dengan bumbu kacang khas Madura;1. Siapkan semua bahan: ayam, kacang tanah, kecap manis, bawang merah, bawang putih, cabai rawit, gula merah, garam. | 2. Cuci dan potong bahan sesuai kebutuhan. | 3. Haluskan bumbu seperti bawang, cabai, dan rempah. | 4. Panaskan minyak atau air. | 5. Masukkan bumbu. | 6. Masukkan bahan utama. | 7. Masak hingga matang. | 8. Koreksi rasa dan sajikan.
30;Sate Kambing;Sate;Sate kambing dengan kecap dan irisan bawang;1. Siapkan semua bahan: daging kambing, kecap manis, bawang merah, bawang putih, cabai rawit, tomat, garam. | 2. Cuci dan potong bahan sesuai kebutuhan. | 3. Haluskan bumbu seperti bawang, cabai, dan rempah. | 4. Panaskan minyak atau air. | 5. Masukkan bumbu. | 6. Masukkan bahan utama. | 7. Masak hingga matang. | 8. Koreksi rasa dan sajikan.
31;Sate Lilit;Sate;Sate khas Bali dari daging cincang dibungkus serai;1. Siapkan semua bahan: ayam, serai, kelapa, bawang merah, bawang putih, cabai merah, jahe, kunyit, garam. | 2. Cuci dan potong bahan sesuai kebutuhan. | 3. Haluskan bumbu seperti bawang, cabai, dan rempah. | 4. Panaskan minyak atau air. | 5. Masukkan bumbu. | 6. Masukkan bahan utama. | 7. Masak hingga matang. | 8. Koreksi rasa dan sajikan.
32;Ikan Bakar Bumbu Bali;Ikan;Ikan bakar dengan bumbu rempah khas Bali;1. Siapkan semua bahan: ikan, bawang merah, bawang putih, cabai merah, cabai rawit, jahe, kunyit, serai, garam. | 2. Cuci dan potong bahan sesuai kebutuhan. | 3. Haluskan bumbu seperti bawang, cabai, dan rempah. | 4. Panaskan minyak atau air. | 5. Masukkan bumbu. | 6. Masukkan bahan utama. | 7. Masak hingga matang. | 8. Koreksi rasa dan sajikan.
33;Ikan Goreng Kunyit;Ikan;Ikan goreng berlumur kunyit dan bumbu;1. Siapkan semua bahan: ikan, kunyit, bawang putih, jahe, ketumbar, garam, minyak. | 2. Cuci dan potong bahan sesuai kebutuhan. | 3. Haluskan bumbu seperti bawang, cabai, dan rempah. | 4. Panaskan minyak hingga panas. | 5. Tumis bumbu hingga harum. | 6. Masukkan bahan utama dan aduk. | 7. Tambahkan bumbu pelengkap. | 8. Masak hingga matang. | 9. Koreksi rasa dan sajikan.
34;Ikan Acar Kuning;Ikan;Ikan goreng dengan kuah acar kuning segar;1. Siapkan semua bahan: ikan, wortel, timun, bawang merah, bawang putih, kunyit, jahe, cuka, gula pasir, garam. | 2. Cuci dan potong bahan sesuai kebutuhan. | 3. Haluskan bumbu seperti bawang, cabai, dan rempah. | 4. Panaskan minyak atau air. | 5. Masukkan bumbu. | 6. Masukkan bahan utama. | 7. Masak hingga matang. | 8. Koreksi rasa dan sajikan.
35;Pindang Ikan;Ikan;Ikan masak kuah asam segar khas Sumatera;1. Siapkan semua bahan: ikan, tomat, cabai merah, bawang merah, bawang putih, serai, lengkuas, daun salam, asam jawa, garam. | 2. Cuci dan potong bahan sesuai kebutuhan. | 3. Haluskan bumbu seperti bawang, cabai, dan rempah. | 4. Panaskan minyak atau air. | 5. Masukkan bumbu. | 6. Masukkan bahan utama. | 7. Masak hingga matang. | 8. Koreksi rasa dan sajikan.
36;Pepes Ikan;Ikan;Ikan berbumbu dibungkus daun pisang lalu dikukus;1. Siapkan semua bahan: ikan, tomat, cabai merah, bawang merah, bawang putih, jahe, kunyit, kemangi, daun salam, garam. | 2. Cuci dan potong bahan sesuai kebutuhan. | 3. Haluskan bumbu seperti bawang, cabai, dan rempah. | 4. Panaskan minyak atau air. | 5. Masukkan bumbu. | 6. Masukkan bahan utama. | 7. Masak hingga matang. | 8. Koreksi rasa dan sajikan.
37;Udang Goreng Mentega;Seafood;Udang tumis dengan mentega dan saus tiram;1. Siapkan semua bahan: udang, bawang putih, bawang bombay, saus tiram, garam, merica, mentega. | 2. Cuci dan potong bahan sesuai kebutuhan. | 3. Haluskan bumbu seperti bawang, cabai, dan rempah. | 4. Panaskan minyak hingga panas. | 5. Tumis bumbu hingga harum. | 6. Masukkan bahan utama dan aduk. | 7. Tambahkan bumbu pelengkap. | 8. Masak hingga matang. | 9. Koreksi rasa dan sajikan.
38;Udang Balado;Seafood;Udang masak sambal balado merah;1. Siapkan semua bahan: udang, cabai merah, cabai rawit, bawang merah, bawang putih, tomat, garam, minyak. | 2. Cuci dan potong bahan sesuai kebutuhan. | 3. Haluskan bumbu seperti bawang, cabai, dan rempah. | 4. Panaskan minyak atau air. | 5. Masukkan bumbu. | 6. Masukkan bahan utama. | 7. Masak hingga matang. | 8. Koreksi rasa dan sajikan.
39;Cumi Hitam;Seafood;Cumi masak dengan tinta hitamnya sendiri;1. Siapkan semua bahan: cumi, bawang merah, bawang putih, cabai merah, tomat, serai, garam. | 2. Cuci dan potong bahan sesuai kebutuhan. | 3. Haluskan bumbu seperti bawang, cabai, dan rempah. | 4. Panaskan minyak atau air. | 5. Masukkan bumbu. | 6. Masukkan bahan utama. | 7. Masak hingga matang. | 8. Koreksi rasa dan sajikan.
40;Cumi Saus Tiram;Seafood;Cumi tumis dengan saus tiram dan paprika;1. Siapkan semua bahan: cumi, paprika, bawang bombay, bawang putih, saus tiram, kecap asin, garam, minyak. | 2. Cuci dan potong bahan sesuai kebutuhan. | 3. Haluskan bumbu seperti bawang, cabai, dan rempah. | 4. Panaskan minyak atau air. | 5. Masukkan bumbu. | 6. Masukkan bahan utama. | 7. Masak hingga matang. | 8. Koreksi rasa dan sajikan.
41;Kepiting Saus Padang;Seafood;Kepiting masak saus pedas khas Padang;1. Siapkan semua bahan: kepiting, cabai merah, cabai rawit, bawang merah, bawang putih, jahe, tomat, saus tomat, garam. | 2. Cuci dan potong bahan sesuai kebutuhan. | 3. Haluskan bumbu seperti bawang, cabai, dan rempah. | 4. Panaskan minyak atau air. | 5. Masukkan bumbu. | 6. Masukkan bahan utama. | 7. Masak hingga matang. | 8. Koreksi rasa dan sajikan.
42;Tempe Orek;Tempe & Tahu;Tempe goreng kering dengan bumbu kecap pedas;1. Siapkan semua bahan: tempe, kecap manis, cabai merah, cabai rawit, bawang merah, bawang putih, gula merah, garam. | 2. Cuci dan potong bahan sesuai kebutuhan. | 3. Haluskan bumbu seperti bawang, cabai, dan rempah. | 4. Panaskan minyak atau air. | 5. Masukkan bumbu. | 6. Masukkan bahan utama. | 7. Masak hingga matang. | 8. Koreksi rasa dan sajikan.
43;Tempe Bacem;Tempe & Tahu;Tempe masak manis khas Jawa;1. Siapkan semua bahan: tempe, kecap manis, bawang merah, bawang putih, lengkuas, daun salam, gula merah, asam jawa, garam. | 2. Cuci dan potong bahan sesuai kebutuhan. | 3. Haluskan bumbu seperti bawang, cabai, dan rempah. | 4. Panaskan minyak atau air. | 5. Masukkan bumbu. | 6. Masukkan bahan utama. | 7. Masak hingga matang. | 8. Koreksi rasa dan sajikan.
44;Tempe Mendoan;Tempe & Tahu;Tempe goreng tepung setengah matang khas Banyumas;1. Siapkan semua bahan: tempe, tepung, daun bawang, bawang putih, ketumbar, kunyit, garam, minyak. | 2. Cuci dan potong bahan sesuai kebutuhan. | 3. Haluskan bumbu seperti bawang, cabai, dan rempah. | 4. Panaskan minyak atau air. | 5. Masukkan bumbu. | 6. Masukkan bahan utama. | 7. Masak hingga matang. | 8. Koreksi rasa dan sajikan.
45;Tahu Goreng;Tempe & Tahu;Tahu goreng renyah dengan bumbu;1. Siapkan semua bahan: tahu, bawang putih, kunyit, garam, minyak. | 2. Cuci dan potong bahan sesuai kebutuhan. | 3. Haluskan bumbu seperti bawang, cabai, dan rempah. | 4. Panaskan minyak hingga panas. | 5. Tumis bumbu hingga harum. | 6. Masukkan bahan utama dan aduk. | 7. Tambahkan bumbu pelengkap. | 8. Masak hingga matang. | 9. Koreksi rasa dan sajikan.
46;Tahu Tek;Tempe & Tahu;Tahu goreng dengan bumbu petis khas Surabaya;1. Siapkan semua bahan: tahu, telur, tauge, timun, bawang putih, petis, kacang tanah, gula merah, garam. | 2. Cuci dan potong bahan sesuai kebutuhan. | 3. Haluskan bumbu seperti bawang, cabai, dan rempah. | 4. Panaskan minyak atau air. | 5. Masukkan bumbu. | 6. Masukkan bahan utama. | 7. Masak hingga matang. | 8. Koreksi rasa dan sajikan.
47;Tahu Gejrot;Tempe & Tahu;Tahu goreng dengan kuah pedas manis asam;1. Siapkan semua bahan: tahu, cabai rawit, bawang merah, bawang putih, kecap manis, asam jawa, gula merah, garam. | 2. Cuci dan potong bahan sesuai kebutuhan. | 3. Haluskan bumbu seperti bawang, cabai, dan rempah. | 4. Panaskan minyak atau air. | 5. Masukkan bumbu. | 6. Masukkan bahan utama. | 7. Masak hingga matang. | 8. Koreksi rasa dan sajikan.
48;Sayur Lodeh;Sayuran;Sayur campur dalam kuah santan;1. Siapkan semua bahan: labu siam, kacang panjang, terong, santan, bawang merah, bawang putih, cabai merah, lengkuas, daun salam, garam. | 2. Cuci dan potong bahan sesuai kebutuhan. | 3. Haluskan bumbu seperti bawang, cabai, dan rempah. | 4. Panaskan minyak atau air. | 5. Masukkan bumbu. | 6. Masukkan bahan utama. | 7. Masak hingga matang. | 8. Koreksi rasa dan sajikan.
49;Sayur Asem;Sayuran;Sayur campur kuah asam segar khas Betawi;1. Siapkan semua bahan: jagung, kacang panjang, labu siam, bayam, asam jawa, bawang merah, bawang putih, cabai merah, garam. | 2. Cuci dan potong bahan sesuai kebutuhan. | 3. Haluskan bumbu seperti bawang, cabai, dan rempah. | 4. Panaskan minyak atau air. | 5. Masukkan bumbu. | 6. Masukkan bahan utama. | 7. Masak hingga matang. | 8. Koreksi rasa dan sajikan.
50;Cap Cay;Sayuran;Tumis sayuran campur ala Tionghoa;1. Siapkan semua bahan: kol, wortel, buncis, bakso, bawang merah, bawang putih, saus tiram, kecap asin, garam, minyak. | 2. Cuci dan potong bahan sesuai kebutuhan. | 3. Haluskan bumbu seperti bawang, cabai, dan rempah. | 4. Panaskan minyak atau air. | 5. Masukkan bumbu. | 6. Masukkan bahan utama. | 7. Masak hingga matang. | 8. Koreksi rasa dan sajikan.
51;Capcay Kuah;Sayuran;Cap cay dengan kuah kental;1. Siapkan semua bahan: kol, wortel, buncis, bakso, tahu, bawang putih, saus tiram, tepung, garam, minyak. | 2. Cuci dan potong bahan sesuai kebutuhan. | 3. Haluskan bumbu seperti bawang, cabai, dan rempah. | 4. Didihkan air. | 5. Masukkan bahan utama. | 6. Tambahkan bumbu. | 7. Masak hingga empuk. | 8. Koreksi rasa dan sajikan.
52;Tumis Kangkung;Sayuran;Kangkung tumis dengan terasi dan cabai;1. Siapkan semua bahan: kangkung, bawang merah, bawang putih, cabai merah, terasi, garam, minyak. | 2. Cuci dan potong bahan sesuai kebutuhan. | 3. Haluskan bumbu seperti bawang, cabai, dan rempah. | 4. Panaskan sedikit minyak. | 5. Tumis bumbu. | 6. Masukkan bahan bertahap. | 7. Aduk dan bumbui. | 8. Koreksi rasa dan sajikan.
53;Tumis Bayam Jagung;Sayuran;Bayam tumis dengan jagung manis;1. Siapkan semua bahan: bayam, jagung, bawang merah, bawang putih, cabai merah, garam, minyak. | 2. Cuci dan potong bahan sesuai kebutuhan. | 3. Haluskan bumbu seperti bawang, cabai, dan rempah. | 4. Panaskan sedikit minyak. | 5. Tumis bumbu. | 6. Masukkan bahan bertahap. | 7. Aduk dan bumbui. | 8. Koreksi rasa dan sajikan.
54;Tumis Buncis Wortel;Sayuran;Buncis dan wortel tumis dengan bawang putih;1. Siapkan semua bahan: buncis, wortel, bawang merah, bawang putih, saus tiram, garam, minyak. | 2. Cuci dan potong bahan sesuai kebutuhan. | 3. Haluskan bumbu seperti bawang, cabai, dan rempah. | 4. Panaskan sedikit minyak. | 5. Tumis bumbu. | 6. Masukkan bahan bertahap. | 7. Aduk dan bumbui. | 8. Koreksi rasa dan sajikan.
55;Perkedel Kentang;Gorengan;Perkedel dari kentang tumbuk goreng;1. Siapkan semua bahan: kentang, telur, bawang merah, daging sapi, daun bawang, merica, garam, minyak. | 2. Cuci dan potong bahan sesuai kebutuhan. | 3. Haluskan bumbu seperti bawang, cabai, dan rempah. | 4. Panaskan minyak atau air. | 5. Masukkan bumbu. | 6. Masukkan bahan utama. | 7. Masak hingga matang. | 8. Koreksi rasa dan sajikan.
56;Perkedel Jagung;Gorengan;Perkedel dari jagung manis goreng;1. Siapkan semua bahan: jagung, telur, daun bawang, bawang putih, udang, merica, garam, minyak. | 2. Cuci dan potong bahan sesuai kebutuhan. | 3. Haluskan bumbu seperti bawang, cabai, dan rempah. | 4. Panaskan minyak atau air. | 5. Masukkan bumbu. | 6. Masukkan bahan utama. | 7. Masak hingga matang. | 8. Koreksi rasa dan sajikan.
57;Bakwan Sayur;Gorengan;Gorengan sayuran dengan tepung berbumbu;1. Siapkan semua bahan: kol, wortel, tauge, daun bawang, tepung, telur, bawang putih, garam, minyak. | 2. Cuci dan potong bahan sesuai kebutuhan. | 3. Haluskan bumbu seperti bawang, cabai, dan rempah. | 4. Panaskan minyak atau air. | 5. Masukkan bumbu. | 6. Masukkan bahan utama. | 7. Masak hingga matang. | 8. Koreksi rasa dan sajikan.
58;Dadar Jagung;Gorengan;Pancake jagung gurih berbumbu;1. Siapkan semua bahan: jagung, tepung, telur, daun bawang, bawang putih, cabai merah, garam, minyak. | 2. Cuci dan potong bahan sesuai kebutuhan. | 3. Haluskan bumbu seperti bawang, cabai, dan rempah. | 4. Panaskan minyak atau air. | 5. Masukkan bumbu. | 6. Masukkan bahan utama. | 7. Masak hingga matang. | 8. Koreksi rasa dan sajikan.
59;Martabak Telur;Gorengan;Martabak isi telur dadar dengan daging cincang;1. Siapkan semua bahan: tepung, telur, daging sapi, daun bawang, bawang bombay, bawang putih, merica, garam, minyak. | 2. Cuci dan potong bahan sesuai kebutuhan. | 3. Haluskan bumbu seperti bawang, cabai, dan rempah. | 4. Panaskan minyak atau air. | 5. Masukkan bumbu. | 6. Masukkan bahan utama. | 7. Masak hingga matang. | 8. Koreksi rasa dan sajikan.
60;Gado-Gado;Salad;Sayuran rebus dengan saus kacang kental;1. Siapkan semua bahan: kentang, kol, bayam, tauge, tahu, tempe, telur, kacang tanah, kecap manis, cabai merah, gula merah, garam. | 2. Cuci dan potong bahan sesuai kebutuhan. | 3. Haluskan bumbu seperti bawang, cabai, dan rempah. | 4. Panaskan minyak atau air. | 5. Masukkan bumbu. | 6. Masukkan bahan utama. | 7. Masak hingga matang. | 8. Koreksi rasa dan sajikan.
61;Karedok;Salad;Sayuran mentah dengan saus kacang khas Sunda;1. Siapkan semua bahan: kacang panjang, tauge, timun, kol, kacang tanah, cabai merah, kencur, gula merah, asam jawa, garam. | 2. Cuci dan potong bahan sesuai kebutuhan. | 3. Haluskan bumbu seperti bawang, cabai, dan rempah. | 4. Panaskan minyak atau air. | 5. Masukkan bumbu. | 6. Masukkan bahan utama. | 7. Masak hingga matang. | 8. Koreksi rasa dan sajikan.
62;Pecel;Salad;Sayuran rebus dengan sambal kacang khas Jawa;1. Siapkan semua bahan: bayam, kacang panjang, tauge, kol, kacang tanah, cabai merah, kencur, daun jeruk, gula merah, garam. | 2. Cuci dan potong bahan sesuai kebutuhan. | 3. Haluskan bumbu seperti bawang, cabai, dan rempah. | 4. Panaskan minyak atau air. | 5. Masukkan bumbu. | 6. Masukkan bahan utama. | 7. Masak hingga matang. | 8. Koreksi rasa dan sajikan.
63;Rujak Cingur;Salad;Sayuran dan cingur sapi dengan bumbu petis;1. Siapkan semua bahan: cingur, tahu, tempe, timun, tauge, kacang tanah, petis, cabai merah, gula merah, garam. | 2. Cuci dan potong bahan sesuai kebutuhan. | 3. Haluskan bumbu seperti bawang, cabai, dan rempah. | 4. Panaskan minyak atau air. | 5. Masukkan bumbu. | 6. Masukkan bahan utama. | 7. Masak hingga matang. | 8. Koreksi rasa dan sajikan.
64;Lalapan;Salad;Sayuran mentah segar dengan sambal;1. Siapkan semua bahan: timun, tomat, terong, kacang panjang, kemangi, cabai rawit, bawang merah, terasi, garam. | 2. Cuci dan potong bahan sesuai kebutuhan. | 3. Haluskan bumbu seperti bawang, cabai, dan rempah. | 4. Panaskan minyak atau air. | 5. Masukkan bumbu. | 6. Masukkan bahan utama. | 7. Masak hingga matang. | 8. Koreksi rasa dan sajikan.
65;Sambal Goreng Kentang;Sambal;Kentang goreng dalam bumbu sambal kering;1. Siapkan semua bahan: kentang, cabai merah, cabai rawit, bawang merah, bawang putih, daun salam, lengkuas, gula merah, garam. | 2. Cuci dan potong bahan sesuai kebutuhan. | 3. Haluskan bumbu seperti bawang, cabai, dan rempah. | 4. Panaskan minyak hingga panas. | 5. Tumis bumbu hingga harum. | 6. Masukkan bahan utama dan aduk. | 7. Tambahkan bumbu pelengkap. | 8. Masak hingga matang. | 9. Koreksi rasa dan sajikan.
66;Sambal Goreng Tempe;Sambal;Tempe goreng dalam bumbu sambal;1. Siapkan semua bahan: tempe, cabai merah, cabai rawit, bawang merah, bawang putih, daun salam, lengkuas, gula merah, garam. | 2. Cuci dan potong bahan sesuai kebutuhan. | 3. Haluskan bumbu seperti bawang, cabai, dan rempah. | 4. Panaskan minyak hingga panas. | 5. Tumis bumbu hingga harum. | 6. Masukkan bahan utama dan aduk. | 7. Tambahkan bumbu pelengkap. | 8. Masak hingga matang. | 9. Koreksi rasa dan sajikan.
67;Sambal Goreng Udang;Sambal;Udang dalam bumbu sambal kering;1. Siapkan semua bahan: udang, cabai merah, cabai rawit, bawang merah, bawang putih, daun salam, lengkuas, gula merah, garam. | 2. Cuci dan potong bahan sesuai kebutuhan. | 3. Haluskan bumbu seperti bawang, cabai, dan rempah. | 4. Panaskan minyak hingga panas. | 5. Tumis bumbu hingga harum. | 6. Masukkan bahan utama dan aduk. | 7. Tambahkan bumbu pelengkap. | 8. Masak hingga matang. | 9. Koreksi rasa dan sajikan.
68;Balado Telur;Sambal;Telur rebus dalam bumbu balado merah;1. Siapkan semua bahan: telur, cabai merah, cabai rawit, bawang merah, bawang putih, tomat, gula pasir, garam. | 2. Cuci dan potong bahan sesuai kebutuhan. | 3. Haluskan bumbu seperti bawang, cabai, dan rempah. | 4. Panaskan minyak atau air. | 5. Masukkan bumbu. | 6. Masukkan bahan utama. | 7. Masak hingga matang. | 8. Koreksi rasa dan sajikan.
69;Telur Dadar;Telur;Omelet tipis dengan bumbu dan sayuran;1. Siapkan semua bahan: telur, bawang merah, daun bawang, cabai rawit, garam, minyak. | 2. Cuci dan potong bahan sesuai kebutuhan. | 3. Haluskan bumbu seperti bawang, cabai, dan rempah. | 4. Panaskan minyak atau air. | 5. Masukkan bumbu. | 6. Masukkan bahan utama. | 7. Masak hingga matang. | 8. Koreksi rasa dan sajikan.
70;Telur Ceplok Kecap;Telur;Telur mata sapi masak kecap;1. Siapkan semua bahan: telur, kecap manis, bawang putih, cabai merah, garam, minyak. | 2. Cuci dan potong bahan sesuai kebutuhan. | 3. Haluskan bumbu seperti bawang, cabai, dan rempah. | 4. Panaskan minyak atau air. | 5. Masukkan bumbu. | 6. Masukkan bahan utama. | 7. Masak hingga matang. | 8. Koreksi rasa dan sajikan.
71;Telur Bumbu Bali;Telur;Telur dalam bumbu merah khas Bali;1. Siapkan semua bahan: telur, cabai merah, cabai rawit, bawang merah, bawang putih, tomat, serai, daun salam, gula merah, garam. | 2. Cuci dan potong bahan sesuai kebutuhan. | 3. Haluskan bumbu seperti bawang, cabai, dan rempah. | 4. Panaskan minyak atau air. | 5. Masukkan bumbu. | 6. Masukkan bahan utama. | 7. Masak hingga matang. | 8. Koreksi rasa dan sajikan.
72;Semur Telur;Telur;Telur dalam kuah kecap hitam manis;1. Siapkan semua bahan: telur, kecap manis, bawang merah, bawang putih, pala, cengkeh, tomat, garam. | 2. Cuci dan potong bahan sesuai kebutuhan. | 3. Haluskan bumbu seperti bawang, cabai, dan rempah. | 4. Panaskan minyak atau air. | 5. Masukkan bumbu. | 6. Masukkan bahan utama. | 7. Masak hingga matang. | 8. Koreksi rasa dan sajikan.
73;Sup Tahu Telur;Sup;Sup ringan dengan tahu dan telur;1. Siapkan semua bahan: tahu, telur, wortel, daun bawang, bawang putih, kaldu, merica, garam. | 2. Cuci dan potong bahan sesuai kebutuhan. | 3. Haluskan bumbu seperti bawang, cabai, dan rempah. | 4. Didihkan air. | 5. Masukkan bahan utama. | 6. Tambahkan bumbu. | 7. Masak hingga empuk. | 8. Koreksi rasa dan sajikan.
74;Sup Krim Jagung;Sup;Sup creamy dengan jagung manis;1. Siapkan semua bahan: jagung, susu, bawang bombay, bawang putih, tepung, mentega, merica, garam. | 2. Cuci dan potong bahan sesuai kebutuhan. | 3. Haluskan bumbu seperti bawang, cabai, dan rempah. | 4. Didihkan air. | 5. Masukkan bahan utama. | 6. Tambahkan bumbu. | 7. Masak hingga empuk. | 8. Koreksi rasa dan sajikan.
75;Sup Buntut;Sup;Sup buntut sapi dengan rempah kaya;1. Siapkan semua bahan: buntut sapi, wortel, kentang, bawang merah, bawang putih, pala, cengkeh, merica, garam. | 2. Cuci dan potong bahan sesuai kebutuhan. | 3. Haluskan bumbu seperti bawang, cabai, dan rempah. | 4. Didihkan air. | 5. Masukkan bahan utama. | 6. Tambahkan bumbu. | 7. Masak hingga empuk. | 8. Koreksi rasa dan sajikan.
76;Sayur Bening Bayam;Sup;Bayam dalam kuah bening segar;1. Siapkan semua bahan: bayam, jagung, bawang merah, bawang putih, garam. | 2. Cuci dan potong bahan sesuai kebutuhan. | 3. Haluskan bumbu seperti bawang, cabai, dan rempah. | 4. Panaskan minyak atau air. | 5. Masukkan bumbu. | 6. Masukkan bahan utama. | 7. Masak hingga matang. | 8. Koreksi rasa dan sajikan.
77;Kolak Pisang;Dessert;Kolak pisang dengan santan dan gula merah;1. Siapkan semua bahan: pisang, santan, gula merah, daun pandan, garam. | 2. Cuci dan potong bahan sesuai kebutuhan. | 3. Haluskan bumbu seperti bawang, cabai, dan rempah. | 4. Panaskan minyak atau air. | 5. Masukkan bumbu. | 6. Masukkan bahan utama. | 7. Masak hingga matang. | 8. Koreksi rasa dan sajikan.
78;Kolak Singkong;Dessert;Kolak singkong dengan santan;1. Siapkan semua bahan: singkong, santan, gula merah, daun pandan, garam. | 2. Cuci dan potong bahan sesuai kebutuhan. | 3. Haluskan bumbu seperti bawang, cabai, dan rempah. | 4. Panaskan minyak atau air. | 5. Masukkan bumbu. | 6. Masukkan bahan utama. | 7. Masak hingga matang. | 8. Koreksi rasa dan sajikan.
79;Bubur Ayam;Bubur;Bubur nasi dengan topping ayam suwir;1. Siapkan semua bahan: beras, ayam, jahe, daun bawang, seledri, bawang putih, kecap manis, garam. | 2. Cuci dan potong bahan sesuai kebutuhan. | 3. Haluskan bumbu seperti bawang, cabai, dan rempah. | 4. Panaskan minyak atau air. | 5. Masukkan bumbu. | 6. Masukkan bahan utama. | 7. Masak hingga matang. | 8. Koreksi rasa dan sajikan.
80;Bubur Kacang Hijau;Bubur;Bubur kacang hijau manis dengan santan;1. Siapkan semua bahan: kacang hijau, santan, gula merah, gula pasir, daun pandan, jahe, garam. | 2. Cuci dan potong bahan sesuai kebutuhan. | 3. Haluskan bumbu seperti bawang, cabai, dan rempah. | 4. Panaskan minyak atau air. | 5. Masukkan bumbu. | 6. Masukkan bahan utama. | 7. Masak hingga matang. | 8. Koreksi rasa dan sajikan.
81;Lontong Sayur;Nasi;Lontong dengan sayur lodeh dan rendang;1. Siapkan semua bahan: beras, labu siam, kacang panjang, santan, bawang merah, bawang putih, cabai merah, lengkuas, kunyit, garam. | 2. Cuci dan potong bahan sesuai kebutuhan. | 3. Haluskan bumbu seperti bawang, cabai, dan rempah. | 4. Panaskan minyak atau air. | 5. Masukkan bumbu. | 6. Masukkan bahan utama. | 7. Masak hingga matang. | 8. Koreksi rasa dan sajikan.
82;Ketoprak;Salad;Lontong, tahu, bihun dengan saus kacang;1. Siapkan semua bahan: bihun, tahu, tempe, timun, tauge, kacang tanah, kecap manis, cabai merah, bawang putih, gula merah, garam. | 2. Cuci dan potong bahan sesuai kebutuhan. | 3. Haluskan bumbu seperti bawang, cabai, dan rempah. | 4. Panaskan minyak atau air. | 5. Masukkan bumbu. | 6. Masukkan bahan utama. | 7. Masak hingga matang. | 8. Koreksi rasa dan sajikan.
83;Lotek;Salad;Sayuran rebus dengan bumbu kacang kencur;1. Siapkan semua bahan: bayam, kacang panjang, wortel, tauge, tahu, kacang tanah, kencur, cabai merah, gula merah, garam. | 2. Cuci dan potong bahan sesuai kebutuhan. | 3. Haluskan bumbu seperti bawang, cabai, dan rempah. | 4. Panaskan minyak atau air. | 5. Masukkan bumbu. | 6. Masukkan bahan utama. | 7. Masak hingga matang. | 8. Koreksi rasa dan sajikan.
84;Pindang Telur;Telur;Telur rebus masak pindang dengan daun salam;1. Siapkan semua bahan: telur, daun salam, lengkuas, bawang merah, kecap manis, gula merah, garam. | 2. Cuci dan potong bahan sesuai kebutuhan. | 3. Haluskan bumbu seperti bawang, cabai, dan rempah. | 4. Panaskan minyak atau air. | 5. Masukkan bumbu. | 6. Masukkan bahan utama. | 7. Masak hingga matang. | 8. Koreksi rasa dan sajikan.
85;Ikan Lele Goreng;Ikan;Ikan lele goreng garing dengan sambal;1. Siapkan semua bahan: ikan lele, kunyit, bawang putih, ketumbar, jahe, cabai merah, garam, minyak. | 2. Cuci dan potong bahan sesuai kebutuhan. | 3. Haluskan bumbu seperti bawang, cabai, dan rempah. | 4. Panaskan minyak hingga panas. | 5. Tumis bumbu hingga harum. | 6. Masukkan bahan utama dan aduk. | 7. Tambahkan bumbu pelengkap. | 8. Masak hingga matang. | 9. Koreksi rasa dan sajikan.
86;Ikan Gurame Bakar;Ikan;Ikan gurame bakar dengan bumbu lengkap;1. Siapkan semua bahan: ikan gurame, bawang merah, bawang putih, cabai merah, jahe, kunyit, serai, kecap manis, garam. | 2. Cuci dan potong bahan sesuai kebutuhan. | 3. Haluskan bumbu seperti bawang, cabai, dan rempah. | 4. Panaskan minyak atau air. | 5. Masukkan bumbu. | 6. Masukkan bahan utama. | 7. Masak hingga matang. | 8. Koreksi rasa dan sajikan.
87;Ayam Betutu;Ayam;Ayam isi bumbu Bali yang dipanggang lama;1. Siapkan semua bahan: ayam, bawang merah, bawang putih, cabai merah, cabai rawit, jahe, kunyit, lengkuas, kemiri, serai, daun salam, garam. | 2. Cuci dan potong bahan sesuai kebutuhan. | 3. Haluskan bumbu seperti bawang, cabai, dan rempah. | 4. Panaskan minyak atau air. | 5. Masukkan bumbu. | 6. Masukkan bahan utama. | 7. Masak hingga matang. | 8. Koreksi rasa dan sajikan.
88;Empal Gepuk;Daging;Daging sapi gepuk goreng khas Sunda;1. Siapkan semua bahan: daging sapi, bawang merah, bawang putih, ketumbar, lengkuas, gula merah, kecap manis, asam jawa, garam. | 2. Cuci dan potong bahan sesuai kebutuhan. | 3. Haluskan bumbu seperti bawang, cabai, dan rempah. | 4. Panaskan minyak atau air. | 5. Masukkan bumbu. | 6. Masukkan bahan utama. | 7. Masak hingga matang. | 8. Koreksi rasa dan sajikan.
